Album Name,Artist,Year of Release,Genre
Pop 2,Charli XCX,2017,"Bubblegum Bass, Hyperpop, Electropop, Glitch Pop, Art Pop, Synthpop, Deconstructed Club, Pop Rap"
Rival Dealer,Burial,2013,"Future Garage, Atmospheric Drum and Bass, Breakbeat"
What Do You Want!,acloudyskye,2022,"Indietronica, Folktronica, Post-Rock, Melodic Dubstep"
Windowlicker,Aphex Twin,1999,"IDM, Glitch"
Mother Earth's Plantasia,Mort Garson,1976,"Progressive Electronic, Moogsploitation, Space Age Pop, New Age"
Veteran,JPEGMAFIA,2018,"Experimental Hip Hop, Glitch Hop, Industrial Hip Hop, Cloud Rap, Hardcore Hip Hop, Political Hip Hop, Trap"
Stereo Type A,Cibo Matto,1999,"Trip Hop, Art Pop, Alternative Dance, Bossa Nova, Alternative Rock, Shibuya-kei, Hip Hop"
Frailty,Jane Remover,2021,"Indietronica, Glitch Pop, Noise Pop, Bitpop, Hyperpop, Emo-Pop, Glitch"
"Once in a Long, Long While...",Low Roar,2017,"Indietronica, Dream Pop, Ambient, Folktronica"
how i'm feeling now,Charli XCX,2020,"Hyperpop, Bubblegum Bass, Electropop, Deconstructed Club, Glitch Pop, Alternative R&B, Pop Rap, Art Pop"
The Campfire Headphase,Boards of Canada,2005,"Downtempo, Folktronica, Ambient, Trip Hop, Neo-Psychedelia"
No. 1 in Heaven,Sparks,1979,"Electro-Disco, Synthpop, Dance-Pop, New Wave, Art Pop"
EUSEXUA,FKA twigs,2025,"Art Pop, Electronic Dance Music, Trance, Dance-Pop, Alternative R&B, Glitch Pop, Downtempo, IDM"
Beats and Breaks from the Flower Patch,Kitty Craft,1998,"Downtempo, Indietronica, Twee Pop, Trip Hop, Sunshine Pop, Dream Pop, Psychedelic Pop, Sampledelia"
Woman Worldwide,Justice,2018,"Mashup, Electro House, French Electro, French House, Electro-Disco"
Chill Out,The KLF,1990,"Ambient, Chillout, Sound Collage, Field Recordings, Plunderphonics, Spoken Word, Ambient House, Nature Recordings, New Age"
Recto Verso,Paradis,2016,"Synthpop, Deep House, French Pop"
Slide,George Clanton,2018,"Chillwave, Hypnagogic Pop, Baggy, Vapor, Neo-Psychedelia, Dream Pop, Trip Hop"
Die Mensch∙Maschine,Kraftwerk,1978,"Synthpop, Electronic, Progressive Electronic, Space Disco"
Computerwelt,Kraftwerk,1981,"Synthpop, Electronic, Electro, Minimal Synth, Progressive Electronic"
Fever,Kylie,2001,"Dance-Pop, Funky House, Nu-Disco, Electropop, Electro-Disco"
Surrender,The Chemical Brothers,1999,"Neo-Psychedelia, Big Beat, House, Techno"
2012 - 2017,Against All Logic,2018,"Deep House, Funky House, Microhouse, Outsider House"
Bricolage,Amon Tobin,1997,"Jazzstep, Nu Jazz, Drum and Bass, IDM, Jazz Fusion"
The Return of the Space Cowboy,Jamiroquai,1994,"Acid Jazz, Funk, Jazz-Funk, Jazz Fusion"
